;;;Enhed;År;;;;;;;;;;Vinter;;;;;;;;;;Forår;;;;;;;;;;Sommer;;;;;;;;;;Efterår;;;;;;;;;
Danmark;;;;Reference (1981-2010);Start århundrede (2011-2040);;;Midt århundrede (2041-2070);;;Slut århundrede (2071-2100);;;Reference (1981-2010);Start århundrede (2011-2040);;;Midt århundrede (2041-2070);;;Slut århundrede (2071-2100);;;Reference (1981-2010);Start århundrede (2011-2040);;;Midt århundrede (2041-2070);;;Slut århundrede (2071-2100);;;Reference (1981-2010);Start århundrede (2011-2040);;;Midt århundrede (2041-2070);;;Slut århundrede (2071-2100);;;Reference (1981-2010);Start århundrede (2011-2040);;;Midt århundrede (2041-2070);;;Slut århundrede (2071-2100);;
;;;;;Median;Nedre: 10-percentil;Øvre:  90-percentil;Median;Nedre: 10-percentil;Øvre:  90-percentil;Median;Nedre: 10-percentil;Øvre:  90-percentil;;Median;Nedre: 10-percentil;Øvre:  90-percentil;Median;Nedre: 10-percentil;Øvre:  90-percentil;Median;Nedre: 10-percentil;Øvre:  90-percentil;;Median;Nedre: 10-percentil;Øvre:  90-percentil;Median;Nedre: 10-percentil;Øvre:  90-percentil;Median;Nedre: 10-percentil;Øvre:  90-percentil;;Median;Nedre: 10-percentil;Øvre:  90-percentil;Median;Nedre: 10-percentil;Øvre:  90-percentil;Median;Nedre: 10-percentil;Øvre:  90-percentil;;Median;Nedre: 10-percentil;Øvre:  90-percentil;Median;Nedre: 10-percentil;Øvre:  90-percentil;Median;Nedre: 10-percentil;Øvre:  90-percentil
Gennemsnitsnedbør;Mellem CO2-niveau (RCP4.5);Absolutte;mm/døgn;2,03;2,13;2,02;2,28;2,14;2,05;2,31;2,18;2,06;2,42;2,01;2,11;1,90;2,42;2,18;2,00;2,51;2,27;2,03;2,55;1,40;1,46;1,35;1,70;1,50;1,31;1,67;1,55;1,40;1,76;2,28;2,39;1,98;2,76;2,38;2,07;2,85;2,35;2,06;2,91;2,46;2,54;2,34;2,80;2,49;2,33;2,79;2,57;2,33;2,79
;;Ændring;%;;4,22;-1,88;11,85;5,75;-0,32;13,40;6,97;-0,29;20,16;;5,49;-5,75;17,95;9,26;0,15;23,85;12,29;3,00;26,81;;4,80;-4,90;22,11;6,77;-5,54;21,47;12,14;-1,74;25,27;;3,20;-10,87;20,15;5,26;-10,84;20,18;4,62;-11,57;30,01;;2,87;-6,10;15,08;3,76;-6,96;14,22;4,31;-5,74;15,56
;Højt CO2-niveau (RCP8.5);Absolutte;mm/døgn;2,03;2,13;2,04;2,22;2,17;2,05;2,32;2,31;2,12;2,52;2,01;2,12;1,92;2,28;2,25;2,05;2,47;2,49;2,22;2,82;1,40;1,46;1,34;1,63;1,56;1,43;1,72;1,70;1,50;1,88;2,28;2,39;2,17;2,63;2,27;2,06;2,70;2,21;1,96;2,85;2,46;2,51;2,38;2,69;2,60;2,35;2,83;2,71;2,39;3,08
;;Ændring;%;;4,42;-1,57;10,27;6,56;0,17;15,07;13,75;2,43;24,60;;5,20;-5,69;14,84;11,93;2,36;23,11;24,47;9,97;41,41;;4,06;-6,46;19,40;11,48;0,78;24,90;20,00;6,13;36,91;;3,19;-5,79;17,86;-0,38;-10,49;19,78;-2,12;-16,61;26,70;;2,07;-6,31;11,49;5,26;-5,06;16,00;9,78;-2,78;26,75
Maksimal døgnnedbør;Mellem CO2-niveau (RCP4.5);Absolutte;mm/døgn;32,69;34,42;31,17;38,90;35,66;32,52;40,25;36,58;32,52;41,30;16,75;17,93;16,50;19,35;18,56;17,12;19,97;18,87;17,45;20,41;16,46;17,33;14,98;19,30;17,66;15,57;19,89;18,39;16,10;20,43;28,04;29,85;26,05;34,30;30,76;27,66;35,90;31,62;27,46;36,82;23,61;24,23;22,08;27,11;25,11;22,62;27,65;25,35;22,85;28,07
;;Ændring;%;;6,28;-5,16;18,71;9,71;-1,02;22,85;12,98;-1,35;27,18;;6,80;-3,13;18,62;10,16;0,12;21,87;12,38;1,91;25,10;;5,06;-8,08;18,11;6,82;-4,26;21,93;10,82;-0,45;26,07;;5,67;-9,14;23,27;9,98;-4,66;27,74;12,07;-4,46;34,91;;3,96;-7,76;16,04;7,15;-4,69;19,11;9,16;-4,62;20,99
;Højt CO2-niveau (RCP8.5);Absolutte;mm/døgn;32,69;35,03;32,13;38,58;36,58;33,51;41,23;40,21;35,32;47,41;16,75;17,66;16,34;19,21;18,70;17,50;20,25;20,65;19,10;22,32;16,46;17,36;15,92;18,95;18,62;16,86;20,51;20,25;18,14;22,53;28,04;30,34;27,23;33,99;31,41;27,66;35,99;33,57;28,15;40,93;23,61;24,45;22,51;26,72;25,66;23,41;28,48;28,05;25,73;30,55
;;Ændring;%;;7,03;-3,15;19,23;12,54;1,67;25,05;23,02;8,16;43,62;;5,09;-4,89;15,83;11,80;2,11;22,21;23,29;10,52;35,75;;5,49;-5,99;17,12;13,06;0,70;26,24;22,68;8,66;40,10;;7,56;-4,78;23,91;12,26;-3,06;28,83;19,41;-0,43;46,84;;3,55;-6,83;15,14;8,68;-1,97;20,73;18,45;7,74;30,38
Maksimal 5-døgnsnedbør;Mellem CO2-niveau (RCP4.5);Absolutte;mm/5døgn;57,60;60,49;55,93;65,93;62,53;58,07;68,07;63,42;58,20;70,47;34,92;36,74;34,15;39,28;38,63;36,31;41,43;39,31;36,38;42,68;30,27;32,07;28,92;35,35;32,74;29,39;35,83;33,65;30,45;36,90;48,24;51,29;45,50;57,59;52,51;47,61;59,70;52,71;47,32;62,58;46,70;48,00;43,95;52,94;48,94;44,37;53,36;49,37;45,19;54,50
;;Ændring;%;;4,36;-4,96;14,12;7,79;-1,77;17,32;9,23;-1,76;22,38;;5,28;-3,19;13,97;10,29;2,73;19,89;12,33;3,04;24,08;;5,18;-6,19;17,14;6,72;-3,87;19,46;9,56;0,22;23,57;;3,74;-7,23;19,82;8,08;-4,78;22,27;7,97;-7,11;30,42;;2,94;-6,98;14,80;5,62;-6,69;15,09;6,33;-4,33;18,39
;Højt CO2-niveau (RCP8.5);Absolutte;mm/5døgn;57,60;61,24;56,70;65,86;63,26;58,51;68,76;67,68;62,19;76,39;34,92;36,91;33,51;40,38;38,99;35,96;42,38;42,81;39,43;47,04;30,27;31,85;29,52;35,19;33,89;31,29;36,94;36,71;33,71;40,17;48,24;51,72;46,76;57,32;51,86;47,00;58,63;53,87;47,01;64,07;46,70;47,85;44,22;51,65;49,82;45,37;55,24;53,66;49,38;58,04
;;Ændring;%;;5,77;-2,60;15,20;9,88;0,58;19,18;17,85;6,62;31,55;;5,01;-4,51;17,13;11,07;2,85;21,20;22,37;11,13;35,05;;5,85;-5,17;18,17;12,45;0,96;23,49;20,55;9,82;36,10;;6,40;-4,64;20,37;7,66;-5,07;21,95;11,83;-4,76;34,87;;2,29;-6,69;13,48;7,07;-2,83;18,34;15,06;4,88;25,71
Maksimal 14-døgnsnedbør;Mellem CO2-niveau (RCP4.5);Absolutte;mm/14døgn;93,78;99,02;91,33;107,10;101,09;94,64;110,41;101,93;94,23;115,41;61,42;65,53;60,69;70,36;68,60;63,83;73,50;68,65;63,49;76,73;49,99;52,75;48,77;58,93;54,51;48,80;58,96;55,40;51,12;61,50;78,80;83,31;73,76;93,67;84,00;76,59;96,50;83,91;75,39;102,06;79,48;82,34;74,04;88,85;82,91;76,82;91,63;84,11;77,50;92,58
;;Ændring;%;;5,27;-3,89;13,25;7,86;-0,47;16,67;8,99;-1,74;22,24;;6,23;-0,99;14,58;10,98;4,09;19,66;12,13;4,04;23,96;;4,09;-5,17;18,86;6,40;-3,98;20,04;9,72;-1,96;22,11;;4,18;-7,52;17,60;6,66;-5,88;19,24;6,51;-8,22;29,30;;3,21;-7,27;12,77;5,57;-4,74;15,31;6,96;-4,05;16,39
;Højt CO2-niveau (RCP8.5);Absolutte;mm/14døgn;93,78;98,69;92,18;105,88;101,29;94,38;109,87;107,68;100,36;120,25;61,42;64,87;59,76;70,42;68,91;63,66;75,11;75,59;69,05;84,33;49,99;53,34;49,62;58,65;56,20;51,92;61,40;60,42;55,33;65,90;78,80;82,82;75,54;92,42;81,79;74,58;94,33;83,70;74,78;99,30;79,48;81,29;75,90;87,20;84,42;77,08;92,53;90,52;83,43;98,36
;;Ændring;%;;4,60;-2,06;13,00;7,79;0,47;16,96;15,39;5,62;27,35;;5,07;-3,03;14,82;11,63;3,81;22,05;22,62;12,43;36,34;;6,91;-3,91;19,04;12,35;2,49;23,75;20,11;9,47;33,99;;4,36;-4,97;18,44;3,72;-7,41;19,72;6,59;-7,53;28,35;;1,89;-5,49;11,15;5,92;-2,78;16,99;13,73;4,76;23,85
Døgn med over 10 mm nedbør;Mellem CO2-niveau (RCP4.5);Absolutte;døgn;18,29;19,82;18,18;21,63;20,58;18,95;22,40;21,10;19,28;24,25;3,66;4,18;3,51;4,97;4,66;4,00;5,46;4,98;4,21;5,84;2,44;2,74;2,23;3,38;2,91;2,27;3,42;3,10;2,46;3,66;6,03;6,45;5,23;7,67;6,37;5,54;7,99;6,32;5,49;8,21;6,06;6,42;5,62;7,37;6,40;5,76;7,51;6,72;5,81;7,58
;;Ændring;%;;8,48;-1,01;21,22;13,31;3,27;25,50;15,25;4,35;38,90;;14,02;-3,34;40,08;27,64;9,63;53,04;37,31;16,09;66,06;;12,90;-9,36;39,72;16,78;-6,30;42,78;24,43;2,29;53,71;;4,84;-11,78;27,04;7,52;-11,13;27,69;6,13;-13,20;39,41;;7,51;-6,67;27,29;11,24;-6,68;27,29;12,83;-2,67;34,03
;Højt CO2-niveau (RCP8.5);Absolutte;døgn;18,29;19,73;18,54;21,14;21,22;19,39;23,20;23,39;20,99;26,13;3,66;4,21;3,58;4,75;4,98;4,27;5,71;5,90;5,07;7,19;2,44;2,73;2,30;3,20;3,12;2,62;3,63;3,64;3,08;4,27;6,03;6,47;5,70;7,24;6,22;5,41;7,57;6,08;5,15;7,99;6,06;6,37;5,76;7,02;6,83;5,87;7,70;7,52;6,41;8,74
;;Ændring;%;;8,31;-0,74;18,63;16,37;5,87;29,95;29,31;14,21;45,81;;14,84;-5,44;34,47;37,16;16,83;59,35;64,81;37,13;104,09;;12,36;-10,58;35,46;27,64;5,54;49,63;49,63;23,41;79,20;;5,43;-6,43;23,78;2,84;-11,01;25,76;1,22;-17,73;34,94;;5,18;-7,22;21,64;12,88;-1,90;29,78;25,67;7,05;46,68
Døgn med over 20 mm nedbør;Mellem CO2-niveau (RCP4.5);Absolutte;døgn;2,97;3,37;2,92;3,98;3,75;3,24;4,29;3,84;3,27;4,64;0,27;0,40;0,23;0,55;0,45;0,30;0,62;0,50;0,32;0,68;0,26;0,31;0,17;0,47;0,33;0,20;0,50;0,41;0,25;0,56;1,35;1,52;1,12;1,93;1,66;1,33;2,13;1,63;1,29;2,22;1,05;1,16;0,83;1,51;1,23;0,95;1,62;1,29;0,96;1,65
;;Ændring;%;;15,06;-4,52;38,95;27,08;6,08;49,55;31,00;3,48;73,41;;33,17;-23,00;106,50;42,12;-13,27;116,24;63,63;-16,64;124,72;;24,76;-36,99;115,39;31,59;-26,85;125,53;54,72;-2,48;168,70;;10,82;-17,87;45,27;22,11;-5,37;57,76;22,44;-10,69;69,84;;14,15;-18,48;52,43;22,56;-8,76;62,15;28,63;-5,48;74,80
;Højt CO2-niveau (RCP8.5);Absolutte;døgn;2,97;3,40;3,03;3,87;3,89;3,40;4,52;4,76;4,04;5,56;0,27;0,34;0,24;0,49;0,46;0,33;0,66;0,71;0,51;1,00;0,26;0,32;0,22;0,45;0,42;0,29;0,58;0,56;0,39;0,75;1,35;1,57;1,29;1,85;1,62;1,29;2,04;1,72;1,32;2,40;1,05;1,16;0,93;1,40;1,37;1,03;1,69;1,69;1,35;2,05
;;Ændring;%;;15,87;-1,37;38,04;32,19;12,59;59,65;61,02;32,66;101,04;;21,33;-26,55;112,28;75,08;16,13;197,79;158,08;71,19;332,68;;23,88;-23,62;100,50;63,47;0,81;168,35;108,96;39,31;240,12;;15,33;-7,70;44,20;20,93;-7,90;55,21;29,57;-7,87;86,55;;12,19;-16,28;50,63;30,95;-0,26;74,20;65,49;29,31;111,66
Skybrud;Mellem CO2-niveau (RCP4.5);Absolutte;hændelser /år;0,33;0,42;0,29;0,58;0,44;0,33;0,63;0,48;0,36;0,67;;;;;;;;;;;;;;;;;;;;;;;;;;;;;;;;;;;;;;;;
;;Ændring;%;;23,80;-11,84;78,72;31,93;-0,44;90,12;43,89;7,33;106,30;;;;;;;;;;;;;;;;;;;;;;;;;;;;;;;;;;;;;;;;
;Højt CO2-niveau (RCP8.5);Absolutte;hændelser /år;0,33;0,42;0,30;0,56;0,47;0,35;0,62;0,57;0,39;0,80;;;;;;;;;;;;;;;;;;;;;;;;;;;;;;;;;;;;;;;;
;;Ændring;%;;25,74;-5,49;62,13;40,91;5,67;86,03;69,00;20,01;147,25;;;;;;;;;;;;;;;;;;;;;;;;;;;;;;;;;;;;;;;;
Antal tørre dage;Mellem CO2-niveau (RCP4.5);Absolutte;døgn;236,76;234,75;225,21;240,77;236,86;226,94;242,49;235,57;224,36;241,79;54,80;54,67;49,96;57,27;54,56;49,73;57,04;53,54;49,57;56,88;66,41;65,64;62,53;67,17;65,43;63,53;68,17;65,12;62,33;66,97;60,93;60,49;56,51;64,40;60,92;57,09;64,98;61,88;56,56;64,97;54,55;54,63;51,32;56,90;55,05;52,37;57,94;55,34;52,28;57,86
;;Ændring;%;;-0,57;-3,83;1,95;0,27;-3,27;2,50;-0,34;-4,35;2,60;;-0,80;-7,25;4,99;-0,89;-8,40;3,83;-1,70;-8,66;3,58;;-1,23;-5,26;3,04;-0,36;-4,85;3,44;-1,88;-6,07;2,22;;0,10;-7,00;5,65;0,44;-5,68;6,97;1,31;-7,67;7,78;;0,30;-5,74;5,75;1,51;-4,78;6,71;1,81;-4,77;6,73
;Højt CO2-niveau (RCP8.5);Absolutte;døgn;236,76;235,32;230,84;240,25;237,43;229,99;243,54;236,36;226,10;247,29;54,80;54,26;51,97;56,75;54,34;51,05;56,46;52,36;48,69;55,85;66,41;65,68;63,71;67,60;65,37;62,84;66,92;64,17;61,76;67,31;60,93;60,62;58,54;63,20;63,00;58,62;65,43;65,10;58,17;67,24;54,55;54,73;52,80;56,80;55,15;52,33;57,86;55,80;51,16;59,91
;;Ændring;%;;-0,65;-2,57;1,99;0,21;-3,11;3,52;-0,56;-4,46;5,26;;-1,23;-4,72;4,17;-0,94;-6,85;2,65;-4,47;-11,39;2,24;;-0,44;-4,95;3,15;-1,37;-5,94;1,96;-2,66;-7,33;1,39;;0,05;-4,76;4,15;3,74;-4,54;7,54;6,72;-4,78;11,40;;0,65;-4,66;5,01;1,44;-4,69;6,82;2,82;-7,60;9,91
Længste tørre periode;Mellem CO2-niveau (RCP4.5);Absolutte;døgn;21,61;21,41;19,57;24,34;21,88;20,06;24,82;21,70;19,49;24,30;12,71;12,56;9,91;14,11;12,54;10,42;14,63;12,43;10,32;14,53;17,43;16,98;15,53;19,91;17,62;15,59;19,96;17,08;15,13;19,50;14,92;14,88;13,01;17,71;15,09;13,06;17,76;15,62;13,24;17,94;13,14;12,69;11,00;14,98;13,23;12,09;16,07;13,50;11,48;15,58
;;Ændring;%;;-0,61;-9,78;6,36;0,30;-5,92;10,22;0,33;-9,02;8,38;;-1,51;-20,30;13,31;-2,54;-16,63;16,98;-2,40;-16,61;17,00;;-0,53;-18,01;12,78;2,33;-14,63;16,16;-1,87;-17,19;13,60;;-0,60;-13,93;12,67;1,21;-13,00;13,60;3,65;-11,46;18,31;;-2,76;-18,22;15,62;3,74;-12,69;21,15;1,63;-13,15;20,98
;Højt CO2-niveau (RCP8.5);Absolutte;døgn;21,61;21,31;19,51;23,26;21,89;19,65;24,95;21,86;19,09;24,87;12,71;12,20;10,85;13,48;12,47;10,48;14,14;11,59;9,92;13,46;17,43;17,26;15,45;18,94;17,25;15,15;19,43;16,35;14,40;19,60;14,92;14,81;13,11;16,92;15,52;13,74;17,79;16,55;13,65;18,77;13,14;13,09;11,91;14,75;13,63;11,40;15,69;13,84;10,98;17,60
;;Ændring;%;;-1,57;-11,28;7,63;1,48;-9,15;13,24;0,50;-10,12;13,81;;-3,53;-13,94;7,11;-1,20;-14,76;10,96;-8,04;-20,14;7,17;;-0,76;-14,69;12,50;-1,12;-13,67;12,85;-4,66;-18,86;11,53;;-1,08;-12,64;13,48;5,02;-10,24;20,11;10,66;-11,59;31,31;;0,79;-11,23;12,15;5,68;-15,35;17,36;7,87;-14,94;24,97
2-årshændelse timenedbør ;Mellem CO2-niveau (RCP4.5);Absolutte;mm/time;15,91;17,43;15,29;20,22;18,01;16,23;21,16;18,84;16,66;22,06;;;;;;;;;;;;;;;;;;;;;;;;;;;;;;;;;;;;;;;;
;;Ændring;%;;8,54;-3,72;28,41;12,36;1,38;33,51;18,30;3,89;39,23;;;;;;;;;;;;;;;;;;;;;;;;;;;;;;;;;;;;;;;;
;Højt CO2-niveau (RCP8.5);Absolutte;mm/time;15,91;17,50;15,64;19,90;18,76;16,58;21,26;20,94;17,69;24,97;;;;;;;;;;;;;;;;;;;;;;;;;;;;;;;;;;;;;;;;
;;Ændring;%;;9,69;-1,17;23,92;17,67;4,56;33,25;30,93;10,68;56,04;;;;;;;;;;;;;;;;;;;;;;;;;;;;;;;;;;;;;;;;
5-årshændelse timenedbør;Mellem CO2-niveau (RCP4.5);Absolutte;mm/time;20,84;23,21;19,90;27,57;24,00;21,32;28,99;25,30;21,94;30,22;;;;;;;;;;;;;;;;;;;;;;;;;;;;;;;;;;;;;;;;
;;Ændring;%;;10,41;-4,49;33,07;14,19;1,29;38,85;20,96;4,35;44,95;;;;;;;;;;;;;;;;;;;;;;;;;;;;;;;;;;;;;;;;
;Højt CO2-niveau (RCP8.5);Absolutte;mm/time;20,84;23,18;20,32;27,14;25,11;21,76;29,12;28,25;23,43;34,97;;;;;;;;;;;;;;;;;;;;;;;;;;;;;;;;;;;;;;;;
;;Ændring;%;;11,14;-1,21;28,19;19,93;4,87;38,57;34,84;12,66;65,72;;;;;;;;;;;;;;;;;;;;;;;;;;;;;;;;;;;;;;;;
10-årshændelse timenedbør;Mellem CO2-niveau (RCP4.5);Absolutte;mm/time;25,24;28,51;23,91;34,39;29,53;25,77;36,24;31,43;26,36;37,63;;;;;;;;;;;;;;;;;;;;;;;;;;;;;;;;;;;;;;;;
;;Ændring;%;;11,85;-5,42;36,38;15,87;0,86;42,67;23,48;4,01;48,73;;;;;;;;;;;;;;;;;;;;;;;;;;;;;;;;;;;;;;;;
;Højt CO2-niveau (RCP8.5);Absolutte;mm/time;25,24;28,29;24,47;33,74;30,86;26,42;36,55;34,94;28,61;44,53;;;;;;;;;;;;;;;;;;;;;;;;;;;;;;;;;;;;;;;;
;;Ændring;%;;12,09;-1,38;31,22;21,69;5,13;42,58;37,57;14,02;74,27;;;;;;;;;;;;;;;;;;;;;;;;;;;;;;;;;;;;;;;;
20-årshændelse timenedbør;Mellem CO2-niveau (RCP4.5);Absolutte;mm/time;30,32;34,74;28,44;42,55;36,08;30,82;44,94;38,75;31,29;46,46;;;;;;;;;;;;;;;;;;;;;;;;;;;;;;;;;;;;;;;;
;;Ændring;%;;13,36;-6,70;39,82;17,95;0,07;46,59;26,15;3,12;52,55;;;;;;;;;;;;;;;;;;;;;;;;;;;;;;;;;;;;;;;;
;Højt CO2-niveau (RCP8.5);Absolutte;mm/time;30,32;34,29;29,23;41,66;37,57;31,82;45,28;42,86;34,59;56,24;;;;;;;;;;;;;;;;;;;;;;;;;;;;;;;;;;;;;;;;
;;Ændring;%;;13,06;-1,69;34,22;23,35;5,45;46,28;40,40;14,75;83,02;;;;;;;;;;;;;;;;;;;;;;;;;;;;;;;;;;;;;;;;
50-årshændelse timenedbør;Mellem CO2-niveau (RCP4.5);Absolutte;mm/time;38,26;44,65;35,26;56,01;46,71;38,51;59,25;50,56;38,80;61,17;;;;;;;;;;;;;;;;;;;;;;;;;;;;;;;;;;;;;;;;
;;Ændring;%;;15,47;-8,71;44,67;21,24;-1,36;52,02;29,64;1,57;58,29;;;;;;;;;;;;;;;;;;;;;;;;;;;;;;;;;;;;;;;;
;Højt CO2-niveau (RCP8.5);Absolutte;mm/time;38,26;43,84;36,54;54,77;48,23;40,24;59,50;55,56;43,96;75,74;;;;;;;;;;;;;;;;;;;;;;;;;;;;;;;;;;;;;;;;
;;Ændring;%;;14,12;-2,40;38,89;25,59;6,02;52,11;44,78;15,23;93,81;;;;;;;;;;;;;;;;;;;;;;;;;;;;;;;;;;;;;;;;
100-årshændelse timenedbør;Mellem CO2-niveau (RCP4.5);Absolutte;mm/time;45,34;53,72;41,09;68,68;56,40;45,15;72,74;61,16;45,60;75,76;;;;;;;;;;;;;;;;;;;;;;;;;;;;;;;;;;;;;;;;
;;Ændring;%;;17,11;-10,44;48,68;23,54;-2,61;56,51;32,13;0,58;63,39;;;;;;;;;;;;;;;;;;;;;;;;;;;;;;;;;;;;;;;;
;Højt CO2-niveau (RCP8.5);Absolutte;mm/time;45,34;52,49;42,92;67,16;57,97;47,73;72,75;67,29;52,34;94,05;;;;;;;;;;;;;;;;;;;;;;;;;;;;;;;;;;;;;;;;
;;Ændring;%;;14,92;-3,11;43,07;27,25;6,37;57,20;48,59;15,51;102,95;;;;;;;;;;;;;;;;;;;;;;;;;;;;;;;;;;;;;;;;
2-årshændelse døgnnedbør;Mellem CO2-niveau (RCP4.5);Absolutte;mm/døgn;39,25;41,09;37,41;45,40;42,40;38,90;46,89;43,41;39,10;48,02;;;;;;;;;;;;;;;;;;;;;;;;;;;;;;;;;;;;;;;;
;;Ændring;%;;4,98;-4,28;15,30;7,50;-0,26;19,33;10,31;-0,08;22,75;;;;;;;;;;;;;;;;;;;;;;;;;;;;;;;;;;;;;;;;
;Højt CO2-niveau (RCP8.5);Absolutte;mm/døgn;39,25;41,58;38,18;45,39;43,25;39,62;47,33;46,48;42,07;51,65;;;;;;;;;;;;;;;;;;;;;;;;;;;;;;;;;;;;;;;;
;;Ændring;%;;5,36;-2,10;14,17;9,60;1,46;19,69;17,88;6,80;30,84;;;;;;;;;;;;;;;;;;;;;;;;;;;;;;;;;;;;;;;;
5-årshændelse døgnnedbør;Mellem CO2-niveau (RCP4.5);Absolutte;mm/døgn;48,56;50,96;45,77;57,63;52,66;47,55;59,40;53,85;47,64;60,86;;;;;;;;;;;;;;;;;;;;;;;;;;;;;;;;;;;;;;;;
;;Ændring;%;;5,23;-5,39;17,79;7,85;-0,87;22,31;10,78;-1,41;25,13;;;;;;;;;;;;;;;;;;;;;;;;;;;;;;;;;;;;;;;;
;Højt CO2-niveau (RCP8.5);Absolutte;mm/døgn;48,56;51,66;46,82;57,62;53,84;48,20;60,14;58,11;51,49;66,15;;;;;;;;;;;;;;;;;;;;;;;;;;;;;;;;;;;;;;;;
;;Ændring;%;;6,09;-2,80;16,66;10,04;0,19;22,73;19,37;5,46;35,55;;;;;;;;;;;;;;;;;;;;;;;;;;;;;;;;;;;;;;;;
10-årshændelse døgnnedbør;Mellem CO2-niveau (RCP4.5);Absolutte;mm/døgn;56,29;59,12;52,66;68,38;61,23;54,63;70,34;62,76;54,41;71,88;;;;;;;;;;;;;;;;;;;;;;;;;;;;;;;;;;;;;;;;
;;Ændring;%;;5,49;-6,60;20,46;8,31;-1,83;25,24;11,51;-2,98;27,28;;;;;;;;;;;;;;;;;;;;;;;;;;;;;;;;;;;;;;;;
;Højt CO2-niveau (RCP8.5);Absolutte;mm/døgn;56,29;60,17;53,82;68,21;62,75;55,05;71,44;68,01;59,05;78,98;;;;;;;;;;;;;;;;;;;;;;;;;;;;;;;;;;;;;;;;
;;Ændring;%;;6,62;-3,53;19,05;10,52;-0,88;25,39;20,71;4,07;39,47;;;;;;;;;;;;;;;;;;;;;;;;;;;;;;;;;;;;;;;;
20-årshændelse døgnnedbør;Mellem CO2-niveau (RCP4.5);Absolutte;mm/døgn;64,69;67,86;60,05;80,96;70,53;62,21;83,11;72,62;61,18;84,25;;;;;;;;;;;;;;;;;;;;;;;;;;;;;;;;;;;;;;;;
;;Ændring;%;;5,60;-8,16;23,78;8,85;-3,29;28,66;12,40;-4,99;29,78;;;;;;;;;;;;;;;;;;;;;;;;;;;;;;;;;;;;;;;;
;Højt CO2-niveau (RCP8.5);Absolutte;mm/døgn;64,69;69,60;60,97;80,07;72,53;62,23;84,38;78,95;67,31;93,68;;;;;;;;;;;;;;;;;;;;;;;;;;;;;;;;;;;;;;;;
;;Ændring;%;;7,07;-4,70;21,63;11,12;-2,47;28,27;22,02;2,45;43,87;;;;;;;;;;;;;;;;;;;;;;;;;;;;;;;;;;;;;;;;
50-årshændelse døgnnedbør;Mellem CO2-niveau (RCP4.5);Absolutte;mm/døgn;76,92;80,54;70,37;100,98;83,91;72,65;103,26;87,22;70,11;103,27;;;;;;;;;;;;;;;;;;;;;;;;;;;;;;;;;;;;;;;;
;;Ændring;%;;5,93;-10,81;28,83;9,53;-5,58;34,06;13,77;-8,33;33,56;;;;;;;;;;;;;;;;;;;;;;;;;;;;;;;;;;;;;;;;
;Højt CO2-niveau (RCP8.5);Absolutte;mm/døgn;76,92;83,55;70,53;98,61;86,93;72,21;104,73;95,33;79,05;116,92;;;;;;;;;;;;;;;;;;;;;;;;;;;;;;;;;;;;;;;;
;;Ændring;%;;7,78;-6,63;25,23;12,11;-4,68;32,58;23,83;0,53;50,36;;;;;;;;;;;;;;;;;;;;;;;;;;;;;;;;;;;;;;;;
100-årshændelse døgnnedbør;Mellem CO2-niveau (RCP4.5);Absolutte;mm/døgn;87,09;90,99;78,55;119,21;94,90;80,89;121,56;99,42;76,89;120,32;;;;;;;;;;;;;;;;;;;;;;;;;;;;;;;;;;;;;;;;
;;Ændring;%;;6,29;-13,12;33,11;10,09;-7,40;38,83;14,84;-11,15;36,81;;;;;;;;;;;;;;;;;;;;;;;;;;;;;;;;;;;;;;;;
;Højt CO2-niveau (RCP8.5);Absolutte;mm/døgn;87,09;95,33;77,93;115,15;99,08;80,06;122,81;109,25;88,57;137,74;;;;;;;;;;;;;;;;;;;;;;;;;;;;;;;;;;;;;;;;
;;Ændring;%;;8,57;-8,27;28,13;12,98;-6,32;36,56;25,48;-0,76;55,63;;;;;;;;;;;;;;;;;;;;;;;;;;;;;;;;;;;;;;;;
Gennemsnitstemperatur;Mellem CO2-niveau (RCP4.5);Absolutte;°C;8,45;9,21;8,52;9,60;9,83;9,34;10,42;10,33;9,83;10,91;1,69;2,39;1,71;3,39;3,11;2,33;4,01;3,70;2,82;4,50;7,08;7,82;7,11;8,49;8,52;7,82;9,19;9,04;8,09;9,47;15,73;16,42;15,65;16,94;17,08;16,36;17,65;17,56;16,70;18,23;9,08;9,95;9,60;10,38;10,55;10,10;10,88;11,16;10,57;11,57
;;Ændring;°C;;0,73;0,15;1,48;1,45;0,85;2,18;1,89;1,36;2,69;;0,69;-0,07;1,77;1,37;0,50;2,34;1,95;1,03;2,88;;0,71;-0,12;1,44;1,36;0,60;2,16;1,93;0,97;2,53;;0,73;-0,11;1,35;1,31;0,68;2,15;1,84;1,05;2,72;;0,89;0,35;1,25;1,48;1,04;1,95;1,96;1,37;2,69
;Højt CO2-niveau (RCP8.5);Absolutte;°C;8,45;9,36;9,09;9,54;10,41;10,03;10,81;11,81;11,35;12,51;1,69;2,62;2,32;2,83;3,65;3,01;4,16;5,16;4,63;5,78;7,08;7,94;7,70;8,18;8,88;8,54;9,41;10,20;9,58;10,71;15,73;16,63;16,19;17,06;17,77;16,94;18,30;19,24;18,17;20,23;9,08;10,18;9,64;10,40;11,13;10,81;11,72;12,59;12,04;13,73
;;Ændring;°C;;0,93;0,51;1,34;1,97;1,52;2,55;3,37;2,83;4,29;;0,92;0,59;1,26;1,93;1,19;2,57;3,55;2,78;4,25;;0,87;0,50;1,27;1,80;1,32;2,45;3,09;2,38;3,75;;0,89;0,42;1,51;2,03;1,17;2,74;3,50;2,44;4,72;;1,10;0,30;1,47;2,06;1,59;2,77;3,52;2,90;4,82
Daglig max-temperatur;Mellem CO2-niveau (RCP4.5);Absolutte;°C;11,96;12,66;12,09;13,26;13,28;12,78;13,95;13,76;12,97;14,14;3,88;4,52;3,99;5,61;5,20;4,49;6,11;5,74;5,02;6,65;11,36;12,01;11,34;12,86;12,78;12,03;13,55;13,17;12,18;13,70;20,33;21,01;20,15;21,65;21,60;20,75;22,25;22,00;20,98;22,73;12,07;12,89;12,56;13,54;13,49;12,99;13,97;13,93;13,32;14,32
;;Ændring;°C;;0,70;0,02;1,38;1,42;0,78;2,14;1,71;1,12;2,48;;0,68;-0,06;1,75;1,38;0,48;2,30;1,72;1,09;2,91;;0,65;-0,24;1,53;1,40;0,44;2,20;1,89;0,79;2,55;;0,65;-0,28;1,39;1,24;0,45;2,12;1,64;0,51;2,18;;0,88;0,24;1,24;1,48;0,98;1,98;1,70;1,27;2,28
;Højt CO2-niveau (RCP8.5);Absolutte;°C;11,96;12,84;12,55;13,08;13,82;13,45;14,33;15,16;14,68;15,67;3,88;4,78;4,51;4,99;5,81;5,13;6,32;7,25;6,78;7,82;11,36;12,16;11,87;12,43;13,05;12,65;13,66;14,25;13,50;14,75;20,33;21,22;20,76;21,71;22,32;21,45;22,92;23,60;22,40;24,68;12,07;13,12;12,61;13,41;14,08;13,76;14,76;15,31;14,86;16,09
;;Ændring;°C;;0,88;0,45;1,34;1,91;1,40;2,55;3,18;2,62;3,73;;0,90;0,59;1,26;1,95;1,14;2,61;3,31;2,68;4,10;;0,79;0,39;1,30;1,75;1,15;2,44;2,92;2,03;3,63;;0,83;0,22;1,50;1,94;0,86;2,72;3,17;1,93;4,23;;1,08;0,26;1,48;2,02;1,51;2,76;3,21;2,75;3,90
Daglig min-temperatur;Mellem CO2-niveau (RCP4.5);Absolutte;°C;4,79;5,58;5,07;6,10;6,27;5,77;6,80;6,67;6,17;7,19;-0,83;-0,07;-0,90;0,82;0,70;-0,16;1,57;1,04;0,51;2,24;3,01;3,84;3,03;4,28;4,47;3,84;5,09;4,87;4,19;5,44;10,99;11,81;10,92;12,20;12,50;11,75;13,02;12,91;12,04;13,32;5,92;6,78;6,45;7,12;7,42;7,02;7,69;7,83;7,40;8,20
;;Ændring;°C;;0,77;0,29;1,57;1,49;0,95;2,22;1,83;1,28;2,56;;0,73;-0,05;1,83;1,46;0,52;2,41;1,92;1,14;3,02;;0,75;0,02;1,41;1,33;0,77;2,16;1,82;1,16;2,55;;0,85;0,02;1,41;1,51;0,85;2,24;1,84;1,11;2,50;;0,90;0,45;1,31;1,50;1,09;1,95;1,90;1,37;2,31
;Højt CO2-niveau (RCP8.5);Absolutte;°C;4,79;5,76;5,47;5,95;6,87;6,51;7,24;8,22;7,87;8,65;-0,83;0,12;-0,18;0,34;1,22;0,53;1,73;2,57;2,19;3,19;3,01;3,88;3,59;4,14;4,87;4,52;5,37;6,16;5,64;6,73;10,99;11,99;11,61;12,38;13,18;12,44;13,66;14,57;13,82;15,47;5,92;7,01;6,43;7,23;8,02;7,62;8,53;9,33;8,97;10,04
;;Ændring;°C;;0,98;0,58;1,35;2,04;1,64;2,59;3,41;2,99;3,92;;0,98;0,61;1,26;2,04;1,29;2,64;3,48;2,83;4,13;;0,89;0,52;1,21;1,86;1,46;2,46;3,09;2,55;3,73;;0,98;0,65;1,58;2,22;1,55;2,84;3,60;2,86;4,57;;1,13;0,36;1,52;2,18;1,66;2,79;3,45;2,93;4,10
Højeste temperatur;Mellem CO2-niveau (RCP4.5);Absolutte;°C;29,41;29,96;28,29;30,96;30,58;29,06;31,73;30,98;29,01;31,77;10,26;10,93;10,31;11,61;11,53;10,94;12,23;11,93;11,29;12,68;23,66;23,77;22,76;25,44;24,78;23,66;26,34;24,81;23,79;26,51;29,33;29,84;28,14;30,92;30,49;28,84;31,62;30,87;28,78;31,67;22,61;23,38;22,13;25,44;24,17;22,27;25,59;24,15;22,63;25,95
;;Ændring;°C;;0,38;-0,70;1,48;1,04;0,12;2,30;1,42;-0,02;2,21;;0,67;0,14;1,48;1,45;0,55;1,89;1,68;0,87;2,26;;0,32;-0,71;1,53;1,36;0,08;2,32;1,50;0,24;2,49;;0,39;-0,83;1,41;0,96;0,05;2,29;1,41;-0,17;2,13;;1,00;-0,27;2,77;1,67;0,05;3,09;1,85;-0,13;2,91
;Højt CO2-niveau (RCP8.5);Absolutte;°C;29,41;30,30;29,28;31,08;31,35;29,84;32,37;32,90;30,87;33,94;10,26;11,08;10,59;11,65;12,07;11,36;12,56;13,21;12,60;13,86;23,66;24,26;23,33;25,12;24,94;23,76;25,97;25,45;24,50;27,17;29,33;30,24;29,20;31,01;31,25;29,54;32,29;32,83;30,64;33,87;22,61;23,43;22,63;24,43;24,67;23,69;26,09;25,75;24,75;27,64
;;Ændring;°C;;0,84;0,03;1,54;1,85;0,72;2,83;3,34;1,71;4,52;;0,72;0,36;1,49;1,72;1,14;2,44;2,85;2,21;3,62;;0,58;-0,10;1,40;1,25;0,49;2,28;2,05;1,03;3,35;;0,86;-0,08;1,56;1,84;0,63;2,85;3,34;1,52;4,54;;0,89;-0,12;1,88;1,98;1,17;3,46;2,99;2,08;5,18
Laveste temperatur;Mellem CO2-niveau (RCP4.5);Absolutte;°C;-11,06;-9,74;-11,38;-7,63;-8,11;-9,78;-6,03;-7,32;-9,47;-5,72;-10,54;-9,35;-10,88;-7,24;-7,97;-9,45;-5,81;-7,22;-9,12;-5,48;-5,40;-4,81;-6,40;-3,07;-3,37;-5,03;-1,70;-3,08;-4,38;-0,93;4,46;5,14;3,84;6,11;5,97;4,55;6,82;6,16;4,71;7,00;-3,17;-2,19;-4,24;-1,37;-1,73;-3,44;-0,57;-1,31;-2,88;-0,01
;;Ændring;°C;;1,52;0,04;3,55;2,98;1,28;4,79;3,57;2,15;5,67;;1,38;0,03;3,29;2,65;1,07;4,33;3,30;1,80;5,07;;0,91;-0,27;2,88;2,49;0,87;4,02;2,80;1,50;4,78;;0,82;0,25;1,63;1,61;0,92;2,29;1,95;1,15;2,55;;0,85;0,14;1,71;1,58;0,82;2,39;2,04;0,96;2,90
;Højt CO2-niveau (RCP8.5);Absolutte;°C;-11,06;-9,21;-10,46;-8,00;-7,16;-9,04;-5,63;-4,69;-6,23;-3,68;-10,54;-8,95;-10,03;-7,84;-6,87;-8,69;-5,44;-4,55;-6,07;-3,49;-5,40;-4,00;-5,56;-3,24;-2,86;-4,19;-1,75;-1,48;-2,52;-0,17;4,46;5,48;4,11;6,16;6,56;5,23;7,64;7,88;6,73;8,78;-3,17;-2,09;-3,84;-1,26;-1,25;-2,55;-0,30;-0,04;-1,12;1,30
;;Ændring;°C;;1,85;0,78;2,89;3,71;2,20;5,75;5,99;4,45;7,83;;1,57;0,70;2,53;3,45;2,09;5,25;5,73;4,07;7,45;;1,32;0,21;2,36;2,55;1,68;3,76;4,11;2,55;5,82;;1,10;0,56;1,54;2,18;1,38;3,09;3,54;2,69;4,43;;1,23;0,19;1,90;2,04;1,28;2,83;3,46;2,23;4,78
Årets temperatur-interval;Mellem CO2-niveau (RCP4.5);Absolutte;°C;29,16;28,46;27,00;29,84;27,85;26,38;29,23;27,58;25,86;28,71;;;;;;;;;;;;;;;;;;;;;;;;;;;;;;;;;;;;;;;;
;;Ændring;°C;;-0,74;-2,25;0,64;-1,31;-2,86;0,04;-1,42;-3,30;-0,40;;;;;;;;;;;;;;;;;;;;;;;;;;;;;;;;;;;;;;;;
;Højt CO2-niveau (RCP8.5);Absolutte;°C;29,16;28,54;27,62;29,26;27,94;26,64;29,33;27,78;25,33;29,17;;;;;;;;;;;;;;;;;;;;;;;;;;;;;;;;;;;;;;;;
;;Ændring;°C;;-0,71;-1,60;0,31;-0,93;-2,58;0,06;-1,47;-3,55;0,40;;;;;;;;;;;;;;;;;;;;;;;;;;;;;;;;;;;;;;;;
Døgnets temperatur-interval;Mellem CO2-niveau (RCP4.5);Absolutte;°C;7,17;7,10;6,90;7,30;7,08;6,86;7,26;7,04;6,83;7,24;4,69;4,66;4,49;4,86;4,60;4,43;4,79;4,60;4,40;4,86;8,30;8,28;7,90;8,65;8,27;7,92;8,67;8,24;7,91;8,70;9,34;9,25;8,84;9,63;9,17;8,80;9,59;9,17;8,74;9,59;6,15;6,13;5,79;6,44;6,08;5,87;6,53;6,06;5,72;6,37
;;Ændring;°C;;-0,09;-0,26;0,08;-0,13;-0,24;0,09;-0,17;-0,33;0,07;;-0,08;-0,22;0,10;-0,11;-0,30;0,02;-0,14;-0,34;0,03;;-0,06;-0,32;0,16;-0,01;-0,31;0,16;-0,07;-0,37;0,21;;-0,10;-0,59;0,14;-0,25;-0,62;0,11;-0,22;-0,81;-0,04;;-0,03;-0,27;0,12;-0,07;-0,21;0,17;-0,09;-0,33;0,12
;Højt CO2-niveau (RCP8.5);Absolutte;°C;7,17;7,11;6,94;7,20;7,02;6,80;7,18;6,88;6,69;7,15;4,69;4,67;4,52;4,82;4,62;4,42;4,82;4,61;4,28;4,87;8,30;8,30;8,00;8,48;8,18;7,92;8,50;8,01;7,68;8,46;9,34;9,23;8,94;9,46;9,11;8,66;9,48;8,97;8,39;9,43;6,15;6,13;5,95;6,34;6,06;5,80;6,39;5,97;5,65;6,28
;;Ændring;°C;;-0,09;-0,20;0,04;-0,17;-0,35;-0,01;-0,29;-0,53;-0,05;;-0,04;-0,20;0,12;-0,09;-0,31;0,12;-0,11;-0,51;0,18;;-0,03;-0,32;0,16;-0,14;-0,42;0,14;-0,26;-0,69;0,03;;-0,18;-0,48;0,07;-0,28;-0,72;0,00;-0,47;-1,08;-0,02;;-0,05;-0,20;0,10;-0,12;-0,28;0,09;-0,19;-0,51;0,02
Hedebølgedage;Mellem CO2-niveau (RCP4.5);Absolutte;døgn;3,14;4,05;1,96;7,25;6,00;3,49;8,77;7,37;3,34;9,68;;;;;;;;;;;;;;;;;;;;;;;;;;;;;;;;;;;;;;;;
;;Ændring;døgn;;0,79;-1,22;3,74;2,55;0,30;5,26;3,58;0,79;6,07;;;;;;;;;;;;;;;;;;;;;;;;;;;;;;;;;;;;;;;;
;Højt CO2-niveau (RCP8.5);Absolutte;døgn;3,14;4,81;3,15;6,61;8,10;4,71;11,86;14,15;7,72;21,53;;;;;;;;;;;;;;;;;;;;;;;;;;;;;;;;;;;;;;;;
;;Ændring;døgn;;1,54;-0,34;3,51;4,94;1,58;8,41;11,11;4,64;18,86;;;;;;;;;;;;;;;;;;;;;;;;;;;;;;;;;;;;;;;;
Varmebølgedage;Mellem CO2-niveau (RCP4.5);Absolutte;døgn;13,52;17,63;12,27;23,79;22,53;18,19;29,72;26,14;17,98;30,83;;;;;;;;;;;;;;;;;;;;;;;;;;;;;;;;;;;;;;;;
;;Ændring;døgn;;3,49;-2,38;9,85;8,85;3,74;15,97;11,47;3,43;17,17;;;;;;;;;;;;;;;;;;;;;;;;;;;;;;;;;;;;;;;;
;Højt CO2-niveau (RCP8.5);Absolutte;døgn;13,52;19,17;15,07;22,75;27,82;20,58;37,21;40,70;30,02;57,83;;;;;;;;;;;;;;;;;;;;;;;;;;;;;;;;;;;;;;;;
;;Ændring;døgn;;5,50;-0,04;9,60;14,12;6,77;23,40;27,45;15,22;43,71;;;;;;;;;;;;;;;;;;;;;;;;;;;;;;;;;;;;;;;;
Frostdøgn ;Mellem CO2-niveau (RCP4.5);Absolutte;døgn;78,55;63,85;45,22;75,12;51,03;38,09;67,99;47,83;27,19;57,10;48,43;42,18;32,27;48,65;35,41;27,96;44,33;32,58;22,10;38,47;19,75;15,08;8,03;19,57;11,00;5,59;17,13;10,12;2,52;14,06;0,01;0,00;0,00;0,02;0,00;0,00;0,02;0,00;0,00;0,02;9,89;6,57;4,18;9,23;4,87;2,72;7,77;3,80;1,49;6,53
;;Ændring;døgn;;-12,33;-28,75;-3,64;-22,72;-37,58;-12,46;-30,96;-40,60;-15,49;;-6,11;-14,37;1,55;-11,83;-20,55;-4,64;-15,52;-25,22;-9,31;;-4,69;-8,01;0,92;-6,92;-12,62;-3,70;-9,52;-14,26;-5,34;;-0,01;-0,04;0,00;-0,01;-0,04;0,00;0,00;-0,05;0,00;;-2,87;-4,31;-0,09;-4,57;-5,99;-1,77;-5,16;-7,04;-2,71
;Højt CO2-niveau (RCP8.5);Absolutte;døgn;78,55;61,59;54,80;67,06;45,46;35,30;52,92;27,94;16,85;33,48;48,43;40,80;37,21;43,81;32,23;26,01;38,44;20,95;13,77;25,16;19,75;14,99;11,19;17,25;9,67;5,61;11,72;5,02;1,47;6,86;0,01;0,00;0,00;0,01;0,00;0,00;0,00;0,00;0,00;0,00;9,89;5,96;3,92;8,66;3,85;2,23;5,78;1,86;0,58;3,06
;;Ændring;døgn;;-16,83;-24,06;-9,28;-31,91;-41,91;-25,31;-50,52;-58,92;-44,06;;-8,00;-11,54;-4,66;-16,32;-22,90;-10,50;-28,52;-34,78;-21,72;;-5,04;-7,66;-2,80;-10,16;-12,67;-8,34;-14,47;-17,64;-12,52;;-0,01;-0,03;0,00;-0,01;-0,04;0,00;-0,01;-0,04;0,00;;-3,83;-5,97;-0,89;-5,86;-7,41;-4,05;-7,74;-9,30;-5,93
Vækstsæson;Mellem CO2-niveau (RCP4.5);Absolutte;døgn;249,26;267,73;256,12;286,57;290,91;275,34;305,79;306,01;289,03;320,14;;;;;;;;;;;;;;;;;;;;;;;;;;;;;;;;;;;;;;;;
;;Ændring;døgn;;19,63;3,27;36,63;39,45;25,81;59,16;55,54;33,67;67,60;;;;;;;;;;;;;;;;;;;;;;;;;;;;;;;;;;;;;;;;
;Højt CO2-niveau (RCP8.5);Absolutte;døgn;249,26;276,13;266,91;286,85;305,31;291,56;315,54;331,88;323,05;341,33;;;;;;;;;;;;;;;;;;;;;;;;;;;;;;;;;;;;;;;;
;;Ændring;døgn;;27,52;12,80;42,44;53,07;40,95;71,26;81,10;68,66;94,33;;;;;;;;;;;;;;;;;;;;;;;;;;;;;;;;;;;;;;;;
Middelvind;Mellem CO2-niveau (RCP4.5);Absolutte;m/s;4,95;4,93;4,85;5,02;4,92;4,83;5,00;4,90;4,80;4,97;5,57;5,55;5,25;5,76;5,56;5,29;5,79;5,50;5,32;5,82;4,97;4,94;4,81;5,06;4,90;4,76;5,02;4,85;4,74;4,99;4,38;4,36;4,27;4,45;4,36;4,28;4,45;4,34;4,25;4,42;4,93;4,89;4,80;5,01;4,87;4,76;4,98;4,85;4,75;4,97
;;Ændring;%;;-0,59;-2,24;0,97;-0,87;-2,45;0,77;-1,37;-3,49;0,39;;-0,79;-5,69;3,25;-1,37;-4,47;4,48;-1,08;-5,08;3,87;;-0,48;-3,91;1,62;-1,72;-4,37;1,16;-2,46;-5,15;0,48;;-0,42;-2,45;2,02;-0,52;-2,37;2,09;-0,97;-3,39;1,08;;0,08;-3,03;2,34;-1,11;-3,66;1,71;-1,32;-3,85;1,69
;Højt CO2-niveau (RCP8.5);Absolutte;m/s;4,95;4,94;4,89;5,00;4,91;4,82;5,00;4,92;4,80;5,04;5,57;5,56;5,43;5,72;5,50;5,22;5,72;5,54;5,35;5,79;4,97;4,92;4,83;5,00;4,87;4,77;5,02;4,87;4,77;5,00;4,38;4,37;4,29;4,45;4,38;4,29;4,48;4,34;4,17;4,46;4,93;4,92;4,81;5,03;4,92;4,79;5,02;4,93;4,73;5,12
;;Ændring;%;;-0,35;-1,91;1,42;-0,96;-2,69;0,93;-0,66;-3,03;1,65;;-0,27;-3,02;2,79;-1,85;-5,50;1,99;-0,25;-4,54;3,70;;-0,89;-3,94;1,80;-1,45;-4,93;1,56;-1,82;-4,26;0,88;;-0,09;-2,25;1,87;-0,18;-2,24;2,20;-0,98;-4,88;1,96;;0,32;-3,27;3,17;-0,01;-3,04;2,65;-0,07;-3,49;4,65
Ekstremvind;Mellem CO2-niveau (RCP4.5);Absolutte;døgn;0,10;0,08;0,04;0,16;0,09;0,05;0,18;0,12;0,06;0,20;0,07;0,05;0,02;0,13;0,07;0,03;0,14;0,09;0,05;0,17;0,00;0,00;0,00;0,01;0,00;0,00;0,02;0,00;0,00;0,02;0,00;0,00;0,00;0,01;0,00;0,00;0,02;0,00;0,00;0,02;0,01;0,02;0,00;0,06;0,02;0,00;0,07;0,01;0,00;0,06
;;Ændring;døgn;;-0,02;-0,10;0,04;-0,01;-0,09;0,05;0,00;-0,09;0,08;;-0,02;-0,09;0,02;-0,02;-0,07;0,04;0,00;-0,07;0,08;;0,00;-0,02;0,01;0,00;-0,02;0,01;0,00;-0,01;0,02;;0,00;-0,01;0,00;0,00;-0,01;0,01;0,00;-0,01;0,01;;0,00;-0,02;0,04;0,00;-0,02;0,04;-0,01;-0,04;0,02
;Højt CO2-niveau (RCP8.5);Absolutte;døgn;0,10;0,09;0,05;0,14;0,09;0,05;0,18;0,13;0,08;0,22;0,07;0,06;0,04;0,11;0,07;0,03;0,14;0,10;0,05;0,17;0,00;0,00;0,00;0,01;0,00;0,00;0,01;0,00;0,00;0,02;0,00;0,00;0,00;0,00;0,00;0,00;0,00;0,00;0,00;0,00;0,01;0,01;0,00;0,03;0,02;0,00;0,04;0,02;0,01;0,05
;;Ændring;døgn;;-0,02;-0,10;0,05;-0,01;-0,08;0,08;0,02;-0,06;0,10;;-0,01;-0,09;0,04;-0,01;-0,07;0,05;0,01;-0,05;0,09;;0,00;-0,01;0,01;0,00;-0,01;0,01;0,00;-0,01;0,01;;0,00;0,00;0,00;0,00;-0,01;0,00;0,00;-0,01;0,00;;0,00;-0,03;0,02;0,00;-0,02;0,02;0,01;-0,02;0,03
Solindstråling;Mellem CO2-niveau (RCP4.5);Absolutte;W/m2;117,18;116,03;113,72;118,45;115,72;113,11;117,84;114,90;112,41;117,39;26,28;25,83;24,13;27,15;25,22;23,93;26,95;24,97;23,29;26,31;161,35;159,12;154,37;164,25;158,51;154,86;164,74;156,48;152,79;162,74;210,80;209,72;204,05;215,92;209,08;202,53;214,40;208,34;200,90;214,73;67,61;67,84;65,80;69,59;67,90;65,77;69,56;67,70;65,68;69,49
;;Ændring;%;;-0,83;-2,69;1,31;-1,42;-3,25;0,74;-2,05;-4,04;0,34;;-1,95;-8,26;3,95;-4,15;-9,09;3,12;-5,00;-11,10;1,12;;-1,36;-4,43;2,24;-1,53;-5,01;1,65;-3,32;-5,65;1,08;;-0,54;-3,27;2,87;-1,20;-4,15;1,99;-1,24;-4,57;2,24;;0,39;-2,92;2,84;0,14;-2,66;3,11;-0,03;-2,85;3,09
;Højt CO2-niveau (RCP8.5);Absolutte;W/m2;117,18;115,91;114,30;117,55;114,67;112,22;116,91;113,03;109,06;116,73;26,28;25,71;24,96;26,59;25,02;23,93;25,94;23,93;22,54;25,44;161,35;159,70;155,47;162,72;156,82;152,42;161,61;153,09;146,49;160,49;210,80;209,01;204,75;212,90;207,59;201,35;213,51;204,84;196,67;214,97;67,61;67,53;66,37;68,80;67,35;65,80;69,29;66,67;63,83;69,76
;;Ændring;%;;-0,96;-2,64;0,65;-2,09;-4,15;0,18;-3,40;-6,87;-0,27;;-2,11;-5,27;2,01;-4,96;-8,94;-0,69;-9,10;-14,41;-2,58;;-0,93;-4,79;1,53;-2,70;-6,22;0,55;-4,89;-9,81;-0,22;;-0,83;-3,46;1,42;-1,71;-4,49;1,39;-2,58;-6,78;2,42;;-0,25;-2,43;2,50;-0,35;-2,95;2,13;-1,18;-5,50;3,02
Potentiel fordampning;Mellem CO2-niveau (RCP4.5);Absolutte;mm/døgn;1,68;1,70;1,65;1,74;1,72;1,67;1,76;1,72;1,69;1,78;0,31;0,31;0,30;0,32;0,31;0,30;0,33;0,31;0,30;0,33;2,11;2,12;2,06;2,24;2,16;2,09;2,26;2,15;2,10;2,27;3,30;3,32;3,20;3,46;3,35;3,21;3,47;3,36;3,24;3,50;0,97;0,99;0,96;1,03;1,01;0,98;1,04;1,02;0,99;1,06
;;Ændring;%;;0,55;-2,11;4,79;1,74;-1,19;5,71;2,34;-0,24;6,65;;0,98;-4,30;4,28;0,86;-2,40;6,18;0,75;-2,92;5,68;;1,03;-5,16;5,56;2,62;-3,15;7,57;2,95;-3,28;7,44;;0,88;-3,26;5,01;2,25;-2,26;6,01;1,65;-1,07;7,20;;2,53;-1,49;5,70;4,16;0,47;7,66;4,08;1,46;9,12
;Højt CO2-niveau (RCP8.5);Absolutte;mm/døgn;1,68;1,70;1,67;1,73;1,72;1,68;1,77;1,75;1,67;1,83;0,31;0,31;0,31;0,32;0,31;0,30;0,32;0,31;0,30;0,33;2,11;2,14;2,08;2,19;2,16;2,09;2,23;2,18;2,06;2,30;3,30;3,33;3,24;3,41;3,38;3,24;3,49;3,44;3,24;3,64;0,97;0,99;0,97;1,01;1,01;0,99;1,05;1,04;0,98;1,10
;;Ændring;%;;1,03;-0,91;3,69;2,41;-0,47;5,43;4,46;-1,03;9,37;;0,61;-1,58;4,46;0,98;-2,26;4,78;1,52;-3,29;7,55;;1,55;-2,86;4,58;2,79;-2,12;6,57;3,66;-3,15;8,47;;0,76;-2,27;4,34;2,14;-1,36;5,85;3,95;-1,85;11,05;;2,16;-0,65;4,97;4,74;1,59;7,85;7,04;1,13;13,08
